ts,actual,forecast
2024-11-10 23:00:00+00:00,198.91666666666666,139.33934971904358
2024-11-11 00:00:00+00:00,193.91666666666666,193.32102780004928
2024-11-11 01:00:00+00:00,182.25,190.0029685802992
2024-11-11 02:00:00+00:00,159.91666666666666,178.23238103051605
2024-11-11 03:00:00+00:00,166.16666666666666,154.91246968075987
2024-11-11 04:00:00+00:00,205.41666666666666,158.16222159932562
2024-11-11 05:00:00+00:00,229.5,194.4761243553941
2024-11-11 06:00:00+00:00,230.33333333333334,193.0944007767373
2024-11-11 07:00:00+00:00,227.25,209.86379415181523
2024-11-11 08:00:00+00:00,189.16666666666666,211.31222841241808
2024-11-11 09:00:00+00:00,235.5,189.5961669866937
2024-11-11 10:00:00+00:00,242.66666666666666,215.82538964179543
2024-11-11 11:00:00+00:00,212.91666666666666,231.39288944131212
2024-11-11 12:00:00+00:00,211.83333333333334,208.3346762407878
2024-11-11 13:00:00+00:00,213.41666666666666,207.62101726120196
2024-11-11 14:00:00+00:00,210.83333333333334,204.1667722014193
2024-11-11 15:00:00+00:00,211.83333333333334,204.23387263849065
2024-11-11 16:00:00+00:00,200.16666666666666,206.82079916232297
2024-11-11 17:00:00+00:00,170.33333333333334,201.86864264134778
2024-11-11 18:00:00+00:00,212.25,174.3386662709947
2024-11-11 19:00:00+00:00,194.08333333333334,197.94986747861577
2024-11-11 20:00:00+00:00,222.33333333333334,183.02633274555885
2024-11-11 21:00:00+00:00,240.08333333333334,196.54009109234093
2024-11-11 22:00:00+00:00,237.66666666666666,211.9282814513447
2024-11-11 23:00:00+00:00,242.66666666666666,214.58096403285523
2024-11-12 00:00:00+00:00,232.25,229.17784115693271
2024-11-12 01:00:00+00:00,226.25,218.28565763165872
2024-11-12 02:00:00+00:00,216.25,209.51361310885022
2024-11-12 03:00:00+00:00,223.25,208.7075822977867
2024-11-12 04:00:00+00:00,225.83333333333334,213.97236164764456
2024-11-12 05:00:00+00:00,205.41666666666666,212.23525925779833
2024-11-12 06:00:00+00:00,197.0,190.6591497533737
2024-11-12 07:00:00+00:00,204.25,189.92628869786304
2024-11-12 08:00:00+00:00,190.75,199.72302288983096
2024-11-12 09:00:00+00:00,185.25,194.3234955834997
2024-11-12 10:00:00+00:00,172.41666666666666,180.07963325418683
2024-11-12 11:00:00+00:00,174.66666666666666,169.81196176657463
2024-11-12 12:00:00+00:00,181.0,170.07642304856603
2024-11-12 13:00:00+00:00,179.16666666666666,164.51199240646832
2024-11-12 14:00:00+00:00,179.66666666666666,157.62598272997602
2024-11-12 15:00:00+00:00,198.5,160.2619630072323
2024-11-12 16:00:00+00:00,230.83333333333334,193.1138506570357
2024-11-12 17:00:00+00:00,211.75,204.16206183424518
2024-11-12 18:00:00+00:00,174.58333333333334,206.46464908033397
2024-11-12 19:00:00+00:00,187.0,166.97825096069147
2024-11-12 20:00:00+00:00,219.41666666666666,180.18972180220828
2024-11-12 21:00:00+00:00,216.5,202.9215460052415
2024-11-12 22:00:00+00:00,203.91666666666666,207.1275964926142
2024-11-12 23:00:00+00:00,196.75,197.44231473716377
2024-11-13 00:00:00+00:00,181.66666666666666,196.55543586381668
2024-11-13 01:00:00+00:00,171.66666666666666,178.31652075794278
2024-11-13 02:00:00+00:00,165.5,168.44233353729476
2024-11-13 03:00:00+00:00,141.66666666666666,160.8862717117989
2024-11-13 04:00:00+00:00,129.91666666666666,148.700988677669
2024-11-13 05:00:00+00:00,177.16666666666666,142.05800142873193
2024-11-13 06:00:00+00:00,177.58333333333334,163.60391125155667
2024-11-13 07:00:00+00:00,168.66666666666666,165.2415968805444
2024-11-13 08:00:00+00:00,154.16666666666666,157.8401363297233
2024-11-13 09:00:00+00:00,150.58333333333334,159.79910224301594
2024-11-13 10:00:00+00:00,154.0,153.16269598826642
2024-11-13 11:00:00+00:00,143.41666666666666,157.62226658929973
2024-11-13 12:00:00+00:00,166.0,142.16776733580167
2024-11-13 13:00:00+00:00,159.83333333333334,151.90595545771745
2024-11-13 14:00:00+00:00,149.41666666666666,141.12250625806445
2024-11-13 15:00:00+00:00,121.41666666666667,144.47734250910167
2024-11-13 16:00:00+00:00,69.91666666666667,142.51875283298108
2024-11-13 17:00:00+00:00,59.333333333333336,82.70638897543449
2024-11-13 18:00:00+00:00,55.75,73.59431139475083
2024-11-13 19:00:00+00:00,35.666666666666664,70.8271887153402
2024-11-13 20:00:00+00:00,30.083333333333332,54.52905574097275
2024-11-13 21:00:00+00:00,28.333333333333332,47.534498826123475
2024-11-13 22:00:00+00:00,26.083333333333332,38.00716724333603
2024-11-13 23:00:00+00:00,28.416666666666668,36.66525110940144
2024-11-14 00:00:00+00:00,30.5,32.56667766786324
2024-11-14 01:00:00+00:00,33.75,38.91654576507179
2024-11-14 02:00:00+00:00,29.333333333333332,46.49772782905613
2024-11-14 03:00:00+00:00,27.916666666666668,38.168566726800144
2024-11-14 04:00:00+00:00,32.083333333333336,35.673342560709614
2024-11-14 05:00:00+00:00,46.0,34.94173808243613
2024-11-14 06:00:00+00:00,49.5,44.509962581054126
2024-11-14 07:00:00+00:00,75.66666666666667,51.620236237483944
2024-11-14 08:00:00+00:00,82.5,87.08608717029976
2024-11-14 09:00:00+00:00,76.83333333333333,93.20735755670553
2024-11-14 10:00:00+00:00,77.08333333333333,85.18963053306119
2024-11-14 11:00:00+00:00,74.0,85.14732736659198
2024-11-14 12:00:00+00:00,78.25,77.89436581784314
2024-11-14 13:00:00+00:00,90.25,79.64291607577852
2024-11-14 14:00:00+00:00,96.5,84.26731060994643
2024-11-14 15:00:00+00:00,104.16666666666667,90.35527631853098
2024-11-14 16:00:00+00:00,128.91666666666666,110.29072123530929
2024-11-14 17:00:00+00:00,92.41666666666667,122.90390049246801
2024-11-14 18:00:00+00:00,81.58333333333333,86.8385225897449
2024-11-14 19:00:00+00:00,75.25,84.282935646855
2024-11-14 20:00:00+00:00,70.75,84.9752595996278
2024-11-14 21:00:00+00:00,66.75,73.48496256589677
2024-11-14 22:00:00+00:00,68.75,77.58714433531146
2024-11-14 23:00:00+00:00,62.666666666666664,81.63854300788049
2024-11-15 00:00:00+00:00,60.083333333333336,80.69069633531402
2024-11-15 01:00:00+00:00,61.0,78.25384580842535
2024-11-15 02:00:00+00:00,61.0,83.24873243978638
2024-11-15 03:00:00+00:00,41.916666666666664,83.24873243978638
2024-11-15 04:00:00+00:00,43.416666666666664,51.940156921111274
2024-11-15 05:00:00+00:00,52.916666666666664,48.70999511182863
2024-11-15 06:00:00+00:00,63.666666666666664,60.115518772444894
2024-11-15 07:00:00+00:00,65.75,69.79527784097634
2024-11-15 08:00:00+00:00,64.41666666666667,72.71378294798411
2024-11-15 09:00:00+00:00,64.5,72.71378294798411
2024-11-15 10:00:00+00:00,63.916666666666664,72.72993650556691
2024-11-15 11:00:00+00:00,61.916666666666664,72.72342645462462
2024-11-15 12:00:00+00:00,51.833333333333336,70.33670877359323
2024-11-15 13:00:00+00:00,52.666666666666664,58.87548907838302
2024-11-15 14:00:00+00:00,56.833333333333336,59.337146173851956
2024-11-15 15:00:00+00:00,53.75,64.08521307718873
2024-11-15 16:00:00+00:00,55.916666666666664,60.76936006608397
2024-11-15 17:00:00+00:00,40.25,57.82959922109051
2024-11-15 18:00:00+00:00,29.833333333333332,42.86004500662645
2024-11-15 19:00:00+00:00,31.083333333333332,34.37206279641439
2024-11-15 20:00:00+00:00,29.666666666666668,34.73714498340357
2024-11-15 21:00:00+00:00,27.416666666666668,34.73714498340357
2024-11-15 22:00:00+00:00,27.083333333333332,32.594438765191875
2024-11-15 23:00:00+00:00,26.75,32.625079854075835
2024-11-16 00:00:00+00:00,27.5,33.14595231692504
2024-11-16 01:00:00+00:00,27.833333333333332,33.70565355083541
2024-11-16 02:00:00+00:00,28.416666666666668,34.825906892194084
2024-11-16 03:00:00+00:00,27.666666666666668,35.34096930203296
2024-11-16 04:00:00+00:00,28.916666666666668,34.56090870011799
2024-11-16 05:00:00+00:00,29.916666666666668,32.529697386372575
2024-11-16 06:00:00+00:00,30.5,33.9564377116764
2024-11-16 07:00:00+00:00,38.833333333333336,35.647359706310546
2024-11-16 08:00:00+00:00,36.166666666666664,45.48505468017767
2024-11-16 09:00:00+00:00,35.166666666666664,44.169507691507924
2024-11-16 10:00:00+00:00,35.0,41.48993897285774
2024-11-16 11:00:00+00:00,30.916666666666668,41.02588371955625
2024-11-16 12:00:00+00:00,29.916666666666668,31.8921968148514
2024-11-16 13:00:00+00:00,30.416666666666668,30.69625070821094
2024-11-16 14:00:00+00:00,34.25,29.92785578599292
2024-11-16 15:00:00+00:00,35.25,40.04623223598963
2024-11-16 16:00:00+00:00,35.083333333333336,37.658595131612856
2024-11-16 17:00:00+00:00,33.75,36.781463787360316
2024-11-16 18:00:00+00:00,35.25,37.177578613576024
2024-11-16 19:00:00+00:00,32.833333333333336,36.79629319989892
2024-11-16 20:00:00+00:00,35.416666666666664,36.44994343953235
2024-11-16 21:00:00+00:00,33.5,37.06129139197501
2024-11-16 22:00:00+00:00,31.0,36.44487367133949
2024-11-16 23:00:00+00:00,35.416666666666664,30.59173853630109
2024-11-17 00:00:00+00:00,30.916666666666668,36.12507354589402
2024-11-17 01:00:00+00:00,31.583333333333332,30.11265307408379
2024-11-17 02:00:00+00:00,32.25,32.12508734301426
2024-11-17 03:00:00+00:00,32.916666666666664,34.12132812309847
2024-11-17 04:00:00+00:00,33.916666666666664,38.26371452214713
2024-11-17 05:00:00+00:00,35.75,36.984106068010526
2024-11-17 06:00:00+00:00,39.916666666666664,37.348428697404046
2024-11-17 07:00:00+00:00,35.333333333333336,39.71792732173885
2024-11-17 08:00:00+00:00,38.166666666666664,46.62001091879802
2024-11-17 09:00:00+00:00,32.583333333333336,45.91276996076377
2024-11-17 10:00:00+00:00,34.333333333333336,43.71467480328897
2024-11-17 11:00:00+00:00,51.083333333333336,43.55367173309197
2024-11-17 12:00:00+00:00,31.5,60.418484263552784
2024-11-17 13:00:00+00:00,32.166666666666664,35.72827266020352
2024-11-17 14:00:00+00:00,36.75,38.34731748073215
2024-11-17 15:00:00+00:00,42.166666666666664,44.301174612823246
2024-11-17 16:00:00+00:00,42.0,46.336661339098704
2024-11-17 17:00:00+00:00,41.583333333333336,42.844712898678985
2024-11-17 18:00:00+00:00,40.0,41.88891615068653
2024-11-17 19:00:00+00:00,35.916666666666664,41.40963031263712
2024-11-17 20:00:00+00:00,36.583333333333336,39.5624621909843
2024-11-17 21:00:00+00:00,39.333333333333336,39.5624621909843
2024-11-17 22:00:00+00:00,37.0,38.48611203625903
2024-11-17 23:00:00+00:00,44.75,38.272040843303586
2024-11-18 00:00:00+00:00,46.583333333333336,41.33318059574737
2024-11-18 01:00:00+00:00,42.333333333333336,44.826387053156544
2024-11-18 02:00:00+00:00,46.666666666666664,42.99539628848921
2024-11-18 03:00:00+00:00,41.583333333333336,46.7981607933119
2024-11-18 04:00:00+00:00,39.166666666666664,43.7163071873858
2024-11-18 05:00:00+00:00,38.083333333333336,38.52075411998097
2024-11-18 06:00:00+00:00,60.333333333333336,40.5375263582065
2024-11-18 07:00:00+00:00,76.16666666666667,76.61009371259159
2024-11-18 08:00:00+00:00,81.83333333333333,93.25917249840724
2024-11-18 09:00:00+00:00,43.5,100.47533297004472
2024-11-18 10:00:00+00:00,38.916666666666664,51.499260977222235
2024-11-18 11:00:00+00:00,38.333333333333336,48.348588398017554
2024-11-18 12:00:00+00:00,37.583333333333336,46.487815674698034
2024-11-18 13:00:00+00:00,39.666666666666664,46.487815674698034
2024-11-18 14:00:00+00:00,64.83333333333333,46.64881874489504
2024-11-18 15:00:00+00:00,72.25,87.30191655229623
2024-11-18 16:00:00+00:00,72.25,84.0543868979811
2024-11-18 17:00:00+00:00,71.75,79.06959788065747
2024-11-18 18:00:00+00:00,72.75,80.16166610222939
2024-11-18 19:00:00+00:00,77.83333333333333,80.16940281505467
2024-11-18 20:00:00+00:00,77.83333333333333,87.09444148271693
2024-11-18 21:00:00+00:00,75.58333333333333,85.9065047063663
2024-11-18 22:00:00+00:00,99.75,89.12728408436864
2024-11-18 23:00:00+00:00,83.0,96.93764836428804
2024-11-19 00:00:00+00:00,145.25,89.58630682195225
2024-11-19 01:00:00+00:00,157.91666666666666,141.41816032730384
2024-11-19 02:00:00+00:00,134.16666666666666,150.75955316684295
2024-11-19 03:00:00+00:00,142.0,134.63626279265108
2024-11-19 04:00:00+00:00,185.41666666666666,141.80812255888978
2024-11-19 05:00:00+00:00,243.33333333333334,166.40429555376156
2024-11-19 06:00:00+00:00,281.0833333333333,219.69532613749567
2024-11-19 07:00:00+00:00,271.0,240.80456808663345
2024-11-19 08:00:00+00:00,284.3333333333333,248.12244915706037
2024-11-19 09:00:00+00:00,265.6666666666667,247.22011642520707
2024-11-19 10:00:00+00:00,239.66666666666666,246.8317287694096
2024-11-19 11:00:00+00:00,227.66666666666666,231.09134382225164
2024-11-19 12:00:00+00:00,220.75,208.26819007306295
2024-11-19 13:00:00+00:00,224.41666666666666,199.21559810017104
2024-11-19 14:00:00+00:00,242.0,194.4121996727137
2024-11-19 15:00:00+00:00,281.8333333333333,213.7881305761105
2024-11-19 16:00:00+00:00,294.75,245.519564510108
2024-11-19 17:00:00+00:00,272.75,248.50487771820627
2024-11-19 18:00:00+00:00,268.4166666666667,250.3788629404442
2024-11-19 19:00:00+00:00,246.91666666666666,249.86921864711923
2024-11-19 20:00:00+00:00,224.08333333333334,235.9960559729811
2024-11-19 21:00:00+00:00,153.41666666666666,201.0488006901817
2024-11-19 22:00:00+00:00,79.58333333333333,149.60895246776064
2024-11-19 23:00:00+00:00,75.33333333333333,106.42250138182948
2024-11-20 00:00:00+00:00,77.75,101.53770676573485
2024-11-20 01:00:00+00:00,56.333333333333336,100.54140967021084
2024-11-20 02:00:00+00:00,57.75,78.38830841972573
2024-11-20 03:00:00+00:00,123.75,80.26741206094643
2024-11-20 04:00:00+00:00,61.083333333333336,133.13438198752175
2024-11-20 05:00:00+00:00,148.08333333333334,87.54188238923544
2024-11-20 06:00:00+00:00,182.83333333333334,132.08872566729238
2024-11-20 07:00:00+00:00,185.41666666666666,178.7130168118039
2024-11-20 08:00:00+00:00,97.58333333333333,181.32784330366061
2024-11-20 09:00:00+00:00,136.66666666666666,111.45025218107475
2024-11-20 10:00:00+00:00,81.66666666666667,142.6931288645321
2024-11-20 11:00:00+00:00,80.41666666666667,100.10468771792581
2024-11-20 12:00:00+00:00,99.58333333333333,93.90562056600929
2024-11-20 13:00:00+00:00,100.0,103.99231939974923
2024-11-20 14:00:00+00:00,169.58333333333334,98.94216279860778
2024-11-20 15:00:00+00:00,120.25,149.47050293661596
2024-11-20 16:00:00+00:00,104.41666666666667,130.5510341045343
2024-11-20 17:00:00+00:00,133.33333333333334,113.66762160285795
2024-11-20 18:00:00+00:00,126.08333333333333,129.15238960174486
2024-11-20 19:00:00+00:00,141.0,130.31707104045302
2024-11-20 20:00:00+00:00,143.91666666666666,133.77072030026926
2024-11-20 21:00:00+00:00,143.75,134.35461404154577
2024-11-20 22:00:00+00:00,144.25,131.09836559655963
2024-11-20 23:00:00+00:00,88.75,136.50590586388253
2024-11-21 00:00:00+00:00,79.75,95.36146629133543
2024-11-21 01:00:00+00:00,129.5,91.05689276375797
2024-11-21 02:00:00+00:00,116.66666666666667,125.87299512825425
2024-11-21 03:00:00+00:00,109.33333333333333,116.77062921309033
2024-11-21 04:00:00+00:00,75.33333333333333,117.82325810267383
2024-11-21 05:00:00+00:00,160.0,90.88129620856455
2024-11-21 06:00:00+00:00,215.08333333333334,140.4811100395606
2024-11-21 07:00:00+00:00,232.66666666666666,191.72394829242407
2024-11-21 08:00:00+00:00,211.41666666666666,205.94789865629045
2024-11-21 09:00:00+00:00,204.08333333333334,196.25648358913926
2024-11-21 10:00:00+00:00,178.66666666666666,182.3245711615582
2024-11-21 11:00:00+00:00,183.58333333333334,172.9968849678156
2024-11-21 12:00:00+00:00,180.83333333333334,172.5283592230027
2024-11-21 13:00:00+00:00,221.91666666666666,160.13273283530364
2024-11-21 14:00:00+00:00,196.91666666666666,199.26726632148842
2024-11-21 15:00:00+00:00,196.16666666666666,160.0701963665022
2024-11-21 16:00:00+00:00,232.08333333333334,167.87029450329266
2024-11-21 17:00:00+00:00,242.91666666666666,201.59585396407326
2024-11-21 18:00:00+00:00,267.0,214.70231797702957
2024-11-21 19:00:00+00:00,244.25,247.8018103150454
2024-11-21 20:00:00+00:00,247.16666666666666,223.1001426232276
2024-11-21 21:00:00+00:00,220.5,228.41506161588418
2024-11-21 22:00:00+00:00,211.75,205.4101615834588
2024-11-21 23:00:00+00:00,230.08333333333334,199.28581584926474
2024-11-22 00:00:00+00:00,218.08333333333334,209.57082216726522
2024-11-22 01:00:00+00:00,201.75,203.17339697359722
2024-11-22 02:00:00+00:00,175.33333333333334,187.27058058155166
2024-11-22 03:00:00+00:00,156.83333333333334,179.2169330483027
2024-11-22 04:00:00+00:00,165.5,170.5995796577552
2024-11-22 05:00:00+00:00,235.58333333333334,168.81395234234665
2024-11-22 06:00:00+00:00,264.8333333333333,203.85723187691528
2024-11-22 07:00:00+00:00,253.16666666666666,246.94942693254282
2024-11-22 08:00:00+00:00,262.5,245.7860745467222
2024-11-22 09:00:00+00:00,247.0,246.60623751314944
2024-11-22 10:00:00+00:00,235.91666666666666,232.35477977048123
2024-11-22 11:00:00+00:00,238.83333333333334,215.59580250215615
2024-11-22 12:00:00+00:00,222.0,214.31923480429552
2024-11-22 13:00:00+00:00,198.5,208.81593449872554
2024-11-22 14:00:00+00:00,197.41666666666666,183.71527023722942
2024-11-22 15:00:00+00:00,199.33333333333334,185.3236379050742
2024-11-22 16:00:00+00:00,176.66666666666666,183.53801890986327
2024-11-22 17:00:00+00:00,139.83333333333334,173.88808433207464
2024-11-22 18:00:00+00:00,114.16666666666667,143.61528755398996
2024-11-22 19:00:00+00:00,112.0,130.93915397777081
2024-11-22 20:00:00+00:00,91.16666666666667,122.85581096013142
2024-11-22 21:00:00+00:00,58.25,97.69981223238611
2024-11-22 22:00:00+00:00,49.833333333333336,76.72719878968961
2024-11-22 23:00:00+00:00,46.583333333333336,64.7524144252613
2024-11-23 00:00:00+00:00,42.583333333333336,64.07122452888103
2024-11-23 01:00:00+00:00,46.916666666666664,59.01725313286996
2024-11-23 02:00:00+00:00,45.416666666666664,65.57222690065767
2024-11-23 03:00:00+00:00,41.916666666666664,60.80262702071216
2024-11-23 04:00:00+00:00,37.75,54.57806078141395
2024-11-23 05:00:00+00:00,37.25,47.104472071442906
2024-11-23 06:00:00+00:00,51.833333333333336,48.95067303725373
2024-11-23 07:00:00+00:00,73.5,64.67593035700484
2024-11-23 08:00:00+00:00,75.33333333333333,92.02529448920093
2024-11-23 09:00:00+00:00,73.16666666666667,103.53641500411854
2024-11-23 10:00:00+00:00,82.25,93.27858812199827
2024-11-23 11:00:00+00:00,81.5,106.00072965181963
2024-11-23 12:00:00+00:00,89.5,91.37557889050707
2024-11-23 13:00:00+00:00,92.33333333333333,93.34487254876146
2024-11-23 14:00:00+00:00,102.58333333333333,84.47676446182167
2024-11-23 15:00:00+00:00,76.66666666666667,98.36357862584167
2024-11-23 16:00:00+00:00,77.66666666666667,81.5818114524484
2024-11-23 17:00:00+00:00,54.25,79.33567955294153
2024-11-23 18:00:00+00:00,58.916666666666664,56.91154299568195
2024-11-23 19:00:00+00:00,79.08333333333333,60.46429760643229
2024-11-23 20:00:00+00:00,85.75,76.90264820172337
2024-11-23 21:00:00+00:00,70.75,83.08175273237029
2024-11-23 22:00:00+00:00,84.58333333333333,73.48188701322003
2024-11-23 23:00:00+00:00,117.0,96.30558441693373
2024-11-24 00:00:00+00:00,109.08333333333333,113.81418923449688
2024-11-24 01:00:00+00:00,118.08333333333333,112.35467785611068
2024-11-24 02:00:00+00:00,116.16666666666667,118.80417225213465
2024-11-24 03:00:00+00:00,110.33333333333333,117.90954188899259
2024-11-24 04:00:00+00:00,112.16666666666667,118.53366849820462
2024-11-24 05:00:00+00:00,132.33333333333334,118.72940831578973
2024-11-24 06:00:00+00:00,104.5,121.04468426376563
2024-11-24 07:00:00+00:00,107.0,108.6463263868265
2024-11-24 08:00:00+00:00,90.83333333333333,109.41371283803265
2024-11-24 09:00:00+00:00,96.16666666666667,91.48371479663537
2024-11-24 10:00:00+00:00,100.83333333333333,98.09896897932332
2024-11-24 11:00:00+00:00,92.58333333333333,100.12571710367023
2024-11-24 12:00:00+00:00,89.66666666666667,95.2058517362023
2024-11-24 13:00:00+00:00,76.5,85.83956488896789
2024-11-24 14:00:00+00:00,71.83333333333333,78.13292600793105
2024-11-24 15:00:00+00:00,71.25,73.31178125619385
2024-11-24 16:00:00+00:00,71.16666666666667,72.04817956539485
2024-11-24 17:00:00+00:00,68.5,72.48537224289878
2024-11-24 18:00:00+00:00,69.5,70.40330039329282
2024-11-24 19:00:00+00:00,69.08333333333333,68.55678742579744
2024-11-24 20:00:00+00:00,61.416666666666664,69.10347678431508
2024-11-24 21:00:00+00:00,47.166666666666664,68.44448522046724
2024-11-24 22:00:00+00:00,69.08333333333333,57.12104156353844
2024-11-24 23:00:00+00:00,81.41666666666667,71.48874041031233
2024-11-25 00:00:00+00:00,76.83333333333333,83.72364505206528
2024-11-25 01:00:00+00:00,80.08333333333333,81.22973007512053
2024-11-25 02:00:00+00:00,80.83333333333333,82.05601527421676
2024-11-25 03:00:00+00:00,69.75,83.51364270514112
2024-11-25 04:00:00+00:00,54.25,69.57599209503167
2024-11-25 05:00:00+00:00,28.5,59.23176620807063
2024-11-25 06:00:00+00:00,27.416666666666668,33.16165677699402
2024-11-25 07:00:00+00:00,29.0,33.69193008143112
2024-11-25 08:00:00+00:00,31.833333333333332,36.16177260029261
2024-11-25 09:00:00+00:00,32.333333333333336,39.02307761627527
2024-11-25 10:00:00+00:00,28.25,39.62560145496221
2024-11-25 11:00:00+00:00,32.75,34.172072035260335
2024-11-25 12:00:00+00:00,27.5,41.3972850355381
2024-11-25 13:00:00+00:00,27.25,32.401608690750855
2024-11-25 14:00:00+00:00,32.416666666666664,32.56261176094786
2024-11-25 15:00:00+00:00,32.083333333333336,45.10135361739053
2024-11-25 16:00:00+00:00,30.666666666666668,38.250709278444724
2024-11-25 17:00:00+00:00,30.75,34.309208133308395
2024-11-25 18:00:00+00:00,29.416666666666668,33.989301482627816
2024-11-25 19:00:00+00:00,30.666666666666668,33.84281405229308
2024-11-25 20:00:00+00:00,30.75,34.38950341081071
2024-11-25 21:00:00+00:00,30.0,33.32760899386378
2024-11-25 22:00:00+00:00,30.333333333333332,33.86510050205385
2024-11-25 23:00:00+00:00,29.75,32.62968149018815
2024-11-26 00:00:00+00:00,28.416666666666668,30.21023344658644
2024-11-26 01:00:00+00:00,30.0,27.989035910679814
2024-11-26 02:00:00+00:00,27.0,31.211180541754597
2024-11-26 03:00:00+00:00,28.666666666666668,28.357354763457653
2024-11-26 04:00:00+00:00,26.916666666666668,28.64775783893133
2024-11-26 05:00:00+00:00,34.583333333333336,27.951471568958535
2024-11-26 06:00:00+00:00,35.583333333333336,36.26960748829588
2024-11-26 07:00:00+00:00,30.5,36.6406462465718
2024-11-26 08:00:00+00:00,27.666666666666668,33.90176485075773
2024-11-26 09:00:00+00:00,26.583333333333332,31.55961753884169
2024-11-26 10:00:00+00:00,25.25,31.721753806549696
2024-11-26 11:00:00+00:00,24.833333333333332,30.688995866963836
2024-11-26 12:00:00+00:00,26.0,28.78130269768476
2024-11-26 13:00:00+00:00,25.166666666666668,30.163016468820636
2024-11-26 14:00:00+00:00,28.25,29.824198163367043
2024-11-26 15:00:00+00:00,36.666666666666664,33.66176470132938
2024-11-26 16:00:00+00:00,40.0,42.07165334875326
2024-11-26 17:00:00+00:00,41.583333333333336,41.74537762586382
2024-11-26 18:00:00+00:00,41.5,42.548300029873566
2024-11-26 19:00:00+00:00,40.75,42.56171773624122
2024-11-26 20:00:00+00:00,49.583333333333336,42.56171773624122
2024-11-26 21:00:00+00:00,49.083333333333336,52.46298443696815
2024-11-26 22:00:00+00:00,49.5,52.20367414089756
2024-11-26 23:00:00+00:00,53.583333333333336,52.796333789475774
2024-11-27 00:00:00+00:00,60.0,61.75399099255174
2024-11-27 01:00:00+00:00,65.33333333333333,73.05728195491788
2024-11-27 02:00:00+00:00,69.0,78.92540601729876
2024-11-27 03:00:00+00:00,97.33333333333333,83.10179372689318
2024-11-27 04:00:00+00:00,88.66666666666667,98.14405474977315
2024-11-27 05:00:00+00:00,96.83333333333333,89.49389551953466
2024-11-27 06:00:00+00:00,129.75,93.82672337580173
2024-11-27 07:00:00+00:00,155.75,118.85669486215974
2024-11-27 08:00:00+00:00,157.83333333333334,152.90603795171708
2024-11-27 09:00:00+00:00,157.41666666666666,164.76649301830227
2024-11-27 10:00:00+00:00,150.41666666666666,166.2017476610664
2024-11-27 11:00:00+00:00,134.91666666666666,159.7240905030895
2024-11-27 12:00:00+00:00,134.08333333333334,129.11223691744067
2024-11-27 13:00:00+00:00,150.33333333333334,115.9940123615556
2024-11-27 14:00:00+00:00,143.33333333333334,138.12287289646238
2024-11-27 15:00:00+00:00,161.75,128.18999918103776
2024-11-27 16:00:00+00:00,148.91666666666666,166.5348159290724
2024-11-27 17:00:00+00:00,153.5,144.09077042383544
2024-11-27 18:00:00+00:00,123.08333333333333,159.56583828594904
2024-11-27 19:00:00+00:00,66.91666666666667,124.4584794764704
2024-11-27 20:00:00+00:00,61.0,73.90386918885392
2024-11-27 21:00:00+00:00,44.5,73.5970607204204
2024-11-27 22:00:00+00:00,47.833333333333336,51.88111277516088
2024-11-27 23:00:00+00:00,44.833333333333336,61.411611025905124
2024-11-28 00:00:00+00:00,64.33333333333333,51.4799340914958
2024-11-28 01:00:00+00:00,82.16666666666667,76.21842587223985
2024-11-28 02:00:00+00:00,95.66666666666667,100.47419202782734
2024-11-28 03:00:00+00:00,82.66666666666667,107.6877283043918
2024-11-28 04:00:00+00:00,64.75,98.9232639765409
2024-11-28 05:00:00+00:00,36.833333333333336,72.61624881906853
2024-11-28 06:00:00+00:00,57.166666666666664,45.86187102246981
2024-11-28 07:00:00+00:00,74.25,61.64726056080004
2024-11-28 08:00:00+00:00,64.25,86.87209142727102
2024-11-28 09:00:00+00:00,57.916666666666664,78.69479194554037
2024-11-28 10:00:00+00:00,51.416666666666664,66.94978239466559
2024-11-28 11:00:00+00:00,45.75,63.62537443829184
2024-11-28 12:00:00+00:00,58.833333333333336,55.19081369945319
2024-11-28 13:00:00+00:00,59.25,75.54375529549688
2024-11-28 14:00:00+00:00,85.16666666666667,67.51309206183277
2024-11-28 15:00:00+00:00,123.08333333333333,89.3021699783781
2024-11-28 16:00:00+00:00,152.83333333333334,124.86558391876434
2024-11-28 17:00:00+00:00,166.0,151.94672266762421
2024-11-28 18:00:00+00:00,132.75,155.05161404398638
2024-11-28 19:00:00+00:00,148.75,118.12169285121992
2024-11-28 20:00:00+00:00,151.91666666666666,131.0924681733427
2024-11-28 21:00:00+00:00,141.66666666666666,136.6218221323004
2024-11-28 22:00:00+00:00,133.91666666666666,133.3989208060586
2024-11-28 23:00:00+00:00,128.91666666666666,126.17999408952285
2024-11-29 00:00:00+00:00,123.16666666666667,117.34131112177585
2024-11-29 01:00:00+00:00,126.83333333333333,123.38207763214729
2024-11-29 02:00:00+00:00,164.83333333333334,125.48970842531497
2024-11-29 03:00:00+00:00,160.0,163.73160697329433
2024-11-29 04:00:00+00:00,153.75,156.82229086929158
2024-11-29 05:00:00+00:00,139.0,147.189977650067
2024-11-29 06:00:00+00:00,146.5,115.13966912996912
2024-11-29 07:00:00+00:00,135.66666666666666,115.76790750109107
2024-11-29 08:00:00+00:00,122.33333333333333,126.60249162370964
2024-11-29 09:00:00+00:00,115.16666666666667,122.35274684223663
2024-11-29 10:00:00+00:00,120.0,114.10467709571105
2024-11-29 11:00:00+00:00,104.41666666666667,122.05202003539401
2024-11-29 12:00:00+00:00,93.58333333333333,110.94556026907573
2024-11-29 13:00:00+00:00,85.33333333333333,101.59247950285342
2024-11-29 14:00:00+00:00,90.91666666666667,99.55170314439546
2024-11-29 15:00:00+00:00,83.75,102.08562111230322
2024-11-29 16:00:00+00:00,77.16666666666667,90.92063179057638
2024-11-29 17:00:00+00:00,92.41666666666667,88.47537241532386
2024-11-29 18:00:00+00:00,93.91666666666667,96.49518860736552
2024-11-29 19:00:00+00:00,93.16666666666667,96.7305641529985
2024-11-29 20:00:00+00:00,69.75,97.07977068723962
2024-11-29 21:00:00+00:00,65.33333333333333,75.99631089878358
2024-11-29 22:00:00+00:00,60.0,75.7951151500368
2024-11-29 23:00:00+00:00,42.0,71.57655594336381
2024-11-30 00:00:00+00:00,41.666666666666664,51.322740995319684
2024-11-30 01:00:00+00:00,37.583333333333336,50.099779650732295
2024-11-30 02:00:00+00:00,35.083333333333336,46.13174969420621
2024-11-30 03:00:00+00:00,35.416666666666664,44.04098302464196
2024-11-30 04:00:00+00:00,31.666666666666668,45.08919650547074
2024-11-30 05:00:00+00:00,32.75,36.05069504302384
2024-11-30 06:00:00+00:00,27.0,43.60739332791298
2024-11-30 07:00:00+00:00,26.666666666666668,36.488807102476876
2024-11-30 08:00:00+00:00,28.916666666666668,39.74854280967338
2024-11-30 09:00:00+00:00,26.5,42.62762837428207
2024-11-30 10:00:00+00:00,27.333333333333332,40.26587568667393
2024-11-30 11:00:00+00:00,28.333333333333332,40.01785472494466
2024-11-30 12:00:00+00:00,41.833333333333336,37.961386772450005
2024-11-30 13:00:00+00:00,46.333333333333336,48.63436536331725
2024-11-30 14:00:00+00:00,66.41666666666667,53.01019496374103
2024-11-30 15:00:00+00:00,71.58333333333333,73.52263640138199
2024-11-30 16:00:00+00:00,76.33333333333333,73.41263999684803
2024-11-30 17:00:00+00:00,74.58333333333333,77.10701686329111
2024-11-30 18:00:00+00:00,72.08333333333333,73.93583250479963
2024-11-30 19:00:00+00:00,78.0,69.64985426460495
2024-11-30 20:00:00+00:00,80.91666666666667,77.75604527522869
2024-11-30 21:00:00+00:00,77.5,78.66116439838645
2024-11-30 22:00:00+00:00,81.58333333333333,79.74144666533363
2024-11-30 23:00:00+00:00,66.83333333333333,85.67696322881687
2024-12-01 00:00:00+00:00,53.666666666666664,71.76792409742802
2024-12-01 01:00:00+00:00,63.666666666666664,61.55927862551545
2024-12-01 02:00:00+00:00,62.083333333333336,73.55612317892009
2024-12-01 03:00:00+00:00,72.33333333333333,73.55612317892009
2024-12-01 04:00:00+00:00,73.25,78.9186473458427
2024-12-01 05:00:00+00:00,77.08333333333333,74.29474512332425
2024-12-01 06:00:00+00:00,79.0,81.23948505421437
2024-12-01 07:00:00+00:00,93.25,79.86714672548668
2024-12-01 08:00:00+00:00,89.75,97.62871097713754
2024-12-01 09:00:00+00:00,92.91666666666667,98.85224190059525
2024-12-01 10:00:00+00:00,95.75,102.99699088097061
2024-12-01 11:00:00+00:00,112.83333333333333,103.5572358188748
2024-12-01 12:00:00+00:00,111.41666666666667,117.46229843484288
2024-12-01 13:00:00+00:00,116.08333333333333,101.27546670122338
2024-12-01 14:00:00+00:00,109.41666666666667,100.44196409293109
2024-12-01 15:00:00+00:00,74.91666666666667,104.17848130157253
2024-12-01 16:00:00+00:00,92.58333333333333,81.78137856091156
2024-12-01 17:00:00+00:00,69.83333333333333,95.7172593250149
2024-12-01 18:00:00+00:00,42.833333333333336,72.02616476854105
2024-12-01 19:00:00+00:00,38.0,47.0279180191116
2024-12-01 20:00:00+00:00,36.166666666666664,44.503862071478416
2024-12-01 21:00:00+00:00,33.083333333333336,44.503862071478416
2024-12-01 22:00:00+00:00,33.0,44.69915753031235
2024-12-01 23:00:00+00:00,41.25,44.54426550703981
2024-12-02 00:00:00+00:00,42.5,48.99635483772418
2024-12-02 01:00:00+00:00,40.166666666666664,47.39878086598318
2024-12-02 02:00:00+00:00,40.083333333333336,46.63261393459752
2024-12-02 03:00:00+00:00,45.583333333333336,46.63261393459752
2024-12-02 04:00:00+00:00,36.583333333333336,51.25852250238128
2024-12-02 05:00:00+00:00,40.333333333333336,44.48198282933335
2024-12-02 06:00:00+00:00,44.666666666666664,42.269506457558236
2024-12-02 07:00:00+00:00,44.25,43.44149000553502
2024-12-02 08:00:00+00:00,45.416666666666664,46.011448040261826
2024-12-02 09:00:00+00:00,44.25,50.37168653616436
2024-12-02 10:00:00+00:00,49.583333333333336,46.89693176376556
2024-12-02 11:00:00+00:00,58.333333333333336,57.063657745978794
2024-12-02 12:00:00+00:00,58.166666666666664,65.02228383293671
2024-12-02 13:00:00+00:00,66.41666666666667,64.90622385197463
2024-12-02 14:00:00+00:00,82.33333333333333,67.39510994600724
2024-12-02 15:00:00+00:00,92.16666666666667,83.29405005248299
2024-12-02 16:00:00+00:00,124.08333333333333,85.14932599374686
2024-12-02 17:00:00+00:00,127.91666666666667,120.7447124142765
2024-12-02 18:00:00+00:00,106.41666666666667,123.47450765733436
2024-12-02 19:00:00+00:00,91.0,100.25026731184491
2024-12-02 20:00:00+00:00,85.33333333333333,85.41972779842992
2024-12-02 21:00:00+00:00,73.33333333333333,82.9693198826999
2024-12-02 22:00:00+00:00,63.916666666666664,75.13598255743769
2024-12-02 23:00:00+00:00,64.41666666666667,69.40034692258877
2024-12-03 00:00:00+00:00,58.666666666666664,66.86795400315093
2024-12-03 01:00:00+00:00,56.5,66.34388226199088
2024-12-03 02:00:00+00:00,56.166666666666664,68.50420628841545
2024-12-03 03:00:00+00:00,61.416666666666664,65.44083390759108
2024-12-03 04:00:00+00:00,71.33333333333333,75.14121362652966
2024-12-03 05:00:00+00:00,103.91666666666667,76.91117443233873
2024-12-03 06:00:00+00:00,103.66666666666667,100.86239587519462
2024-12-03 07:00:00+00:00,116.08333333333333,99.53773341952736
2024-12-03 08:00:00+00:00,90.91666666666667,112.9018083409948
2024-12-03 09:00:00+00:00,89.83333333333333,88.04817896584326
2024-12-03 10:00:00+00:00,89.58333333333333,87.73927744276774
2024-12-03 11:00:00+00:00,67.58333333333333,89.4912220174364
2024-12-03 12:00:00+00:00,68.75,68.01699209342478
2024-12-03 13:00:00+00:00,78.16666666666667,67.20177233671834
2024-12-03 14:00:00+00:00,81.75,76.9795123084208
2024-12-03 15:00:00+00:00,81.25,84.17823993347145
2024-12-03 16:00:00+00:00,81.5,82.04041895910677
2024-12-03 17:00:00+00:00,93.58333333333333,80.7061336043304
2024-12-03 18:00:00+00:00,104.25,97.06040160650228
2024-12-03 19:00:00+00:00,86.08333333333333,103.12223351921197
2024-12-03 20:00:00+00:00,85.66666666666667,85.42956397585777
2024-12-03 21:00:00+00:00,99.58333333333333,87.85799088189971
2024-12-03 22:00:00+00:00,97.33333333333333,100.7017163380194
2024-12-03 23:00:00+00:00,98.58333333333333,104.58149570625214
2024-12-04 00:00:00+00:00,98.75,98.87234800347396
2024-12-04 01:00:00+00:00,88.08333333333333,101.82707360293038
2024-12-04 02:00:00+00:00,98.5,95.35713017266019
2024-12-04 03:00:00+00:00,93.66666666666667,99.94401844305744
2024-12-04 04:00:00+00:00,102.0,100.25765883916914
2024-12-04 05:00:00+00:00,131.0,102.4827765766708
2024-12-04 06:00:00+00:00,174.16666666666666,120.83766055491525
2024-12-04 07:00:00+00:00,179.91666666666666,151.49243047743917
2024-12-04 08:00:00+00:00,169.16666666666666,171.3119285764707
2024-12-04 09:00:00+00:00,185.16666666666666,169.2301792508979
2024-12-04 10:00:00+00:00,183.08333333333334,174.0816532346729
2024-12-04 11:00:00+00:00,191.0,169.2893699880561
2024-12-04 12:00:00+00:00,200.25,177.59806527360467
2024-12-04 13:00:00+00:00,179.08333333333334,175.35321717307454
2024-12-04 14:00:00+00:00,179.25,148.53623974105477
2024-12-04 15:00:00+00:00,190.16666666666666,162.59189802146093
2024-12-04 16:00:00+00:00,178.83333333333334,178.60779690240693
2024-12-04 17:00:00+00:00,176.5,177.21215006060544
2024-12-04 18:00:00+00:00,161.75,171.85865389273388
2024-12-04 19:00:00+00:00,164.0,157.9367436179671
2024-12-04 20:00:00+00:00,149.66666666666666,155.97088869913958
2024-12-04 21:00:00+00:00,150.83333333333334,146.01562110315544
2024-12-04 22:00:00+00:00,119.0,145.4296701477191
2024-12-04 23:00:00+00:00,128.75,125.58916314938496
2024-12-05 00:00:00+00:00,123.91666666666667,132.57362043097598
2024-12-05 01:00:00+00:00,111.25,135.09146398417624
2024-12-05 02:00:00+00:00,82.33333333333333,121.6722376007404
2024-12-05 03:00:00+00:00,70.91666666666667,99.06293237585913
2024-12-05 04:00:00+00:00,87.41666666666667,87.56772067365453
2024-12-05 05:00:00+00:00,107.66666666666667,103.16876737072066
2024-12-05 06:00:00+00:00,125.66666666666667,111.98675361293255
2024-12-05 07:00:00+00:00,100.58333333333333,130.73665253793936
2024-12-05 08:00:00+00:00,89.75,102.35107416117411
2024-12-05 09:00:00+00:00,91.16666666666667,96.97747726781014
2024-12-05 10:00:00+00:00,76.25,105.05697286388543
2024-12-05 11:00:00+00:00,61.666666666666664,92.2408811534642
2024-12-05 12:00:00+00:00,62.833333333333336,76.44944184321936
2024-12-05 13:00:00+00:00,56.75,72.6793204586025
2024-12-05 14:00:00+00:00,57.083333333333336,65.75952549811753
2024-12-05 15:00:00+00:00,60.583333333333336,74.22950632128808
2024-12-05 16:00:00+00:00,52.5,76.83815358168066
2024-12-05 17:00:00+00:00,38.916666666666664,61.2970779170735
2024-12-05 18:00:00+00:00,42.666666666666664,46.726476240856044
2024-12-05 19:00:00+00:00,39.416666666666664,44.49188093139072
2024-12-05 20:00:00+00:00,56.333333333333336,42.28614280036872
2024-12-05 21:00:00+00:00,67.08333333333333,57.40823732153528
2024-12-05 22:00:00+00:00,80.33333333333333,65.96594456116888
2024-12-05 23:00:00+00:00,65.91666666666667,82.49289976128298
2024-12-06 00:00:00+00:00,100.66666666666667,67.27368438090818
2024-12-06 01:00:00+00:00,96.25,97.58259911072054
2024-12-06 02:00:00+00:00,85.75,99.55417634839101
2024-12-06 03:00:00+00:00,86.83333333333333,90.27726009876125
2024-12-06 04:00:00+00:00,55.416666666666664,90.58953225492279
2024-12-06 05:00:00+00:00,69.0,59.77338962676705
2024-12-06 06:00:00+00:00,79.5,68.55166114601039
2024-12-06 07:00:00+00:00,96.0,79.00890058103577
2024-12-06 08:00:00+00:00,112.08333333333333,96.57610127815182
2024-12-06 09:00:00+00:00,116.41666666666667,110.7386432651122
2024-12-06 10:00:00+00:00,137.16666666666666,117.45125038830103
2024-12-06 11:00:00+00:00,114.33333333333333,135.62187877717926
2024-12-06 12:00:00+00:00,115.91666666666667,113.1715901351238
2024-12-06 13:00:00+00:00,157.5,106.32398464730166
2024-12-06 14:00:00+00:00,159.16666666666666,129.99450339099354
2024-12-06 15:00:00+00:00,165.66666666666666,136.04270613267866
2024-12-06 16:00:00+00:00,150.25,149.31210605089586
2024-12-06 17:00:00+00:00,155.16666666666666,148.97902292074923
2024-12-06 18:00:00+00:00,157.25,153.82770487627948
2024-12-06 19:00:00+00:00,158.16666666666666,147.65696156669162
2024-12-06 20:00:00+00:00,172.83333333333334,144.3905315877289
2024-12-06 21:00:00+00:00,172.91666666666666,149.94688747539874
2024-12-06 22:00:00+00:00,169.16666666666666,147.25471108323484
2024-12-06 23:00:00+00:00,155.66666666666666,153.75028654423122
2024-12-07 00:00:00+00:00,109.08333333333333,150.77363255870787
2024-12-07 01:00:00+00:00,140.08333333333334,114.10472155615749
2024-12-07 02:00:00+00:00,113.16666666666667,138.02132694312306
2024-12-07 03:00:00+00:00,86.08333333333333,118.11158864381244
2024-12-07 04:00:00+00:00,93.83333333333333,107.0144452502105
2024-12-07 05:00:00+00:00,66.41666666666667,108.60166001071586
2024-12-07 06:00:00+00:00,38.916666666666664,79.42581173346376
2024-12-07 07:00:00+00:00,36.5,55.32559484194363
2024-12-07 08:00:00+00:00,37.416666666666664,65.6719939605958
2024-12-07 09:00:00+00:00,50.333333333333336,66.41241514399952
2024-12-07 10:00:00+00:00,59.166666666666664,82.74584456455042
2024-12-07 11:00:00+00:00,68.66666666666667,90.98854948118004
2024-12-07 12:00:00+00:00,55.666666666666664,87.91070495654785
2024-12-07 13:00:00+00:00,42.583333333333336,73.51476989094975
2024-12-07 14:00:00+00:00,37.166666666666664,56.60683982788927
2024-12-07 15:00:00+00:00,37.666666666666664,51.845311429083736
2024-12-07 16:00:00+00:00,40.166666666666664,43.69803605153644
2024-12-07 17:00:00+00:00,39.166666666666664,44.13658111984778
2024-12-07 18:00:00+00:00,48.0,42.00943690937545
2024-12-07 19:00:00+00:00,68.41666666666667,49.851648018686866
2024-12-07 20:00:00+00:00,69.41666666666667,67.8764304551141
2024-12-07 21:00:00+00:00,67.83333333333333,68.40076751198777
2024-12-07 22:00:00+00:00,53.416666666666664,70.88249852538205
2024-12-07 23:00:00+00:00,64.25,54.36478339828837
2024-12-08 00:00:00+00:00,62.75,65.32219004819662
2024-12-08 01:00:00+00:00,64.66666666666667,66.72018524587263
2024-12-08 02:00:00+00:00,64.25,69.29736349904994
2024-12-08 03:00:00+00:00,63.5,69.70692092291979
2024-12-08 04:00:00+00:00,66.0,69.70692092291979
2024-12-08 05:00:00+00:00,66.0,67.8214666276386
2024-12-08 06:00:00+00:00,66.58333333333333,71.55759339217872
2024-12-08 07:00:00+00:00,67.91666666666667,71.3034137360473
2024-12-08 08:00:00+00:00,40.75,76.77775064581579
2024-12-08 09:00:00+00:00,59.25,50.539069219910964
2024-12-08 10:00:00+00:00,64.08333333333333,70.34162893497694
2024-12-08 11:00:00+00:00,65.66666666666667,72.84394931378237
2024-12-08 12:00:00+00:00,65.83333333333333,72.37003469391776
2024-12-08 13:00:00+00:00,54.333333333333336,69.55597255920397
2024-12-08 14:00:00+00:00,48.666666666666664,63.96610190404482
2024-12-08 15:00:00+00:00,55.083333333333336,60.608432541747156
2024-12-08 16:00:00+00:00,46.5,62.37627870571678
2024-12-08 17:00:00+00:00,40.333333333333336,47.223886241408046
2024-12-08 18:00:00+00:00,35.083333333333336,42.53494064562852
2024-12-08 19:00:00+00:00,35.75,41.46124562341083
2024-12-08 20:00:00+00:00,32.083333333333336,41.830048004501506
2024-12-08 21:00:00+00:00,28.916666666666668,37.33759165098478
2024-12-08 22:00:00+00:00,29.0,32.669492319422055
2024-12-08 23:00:00+00:00,31.166666666666668,32.750473501619354
2024-12-09 00:00:00+00:00,41.5,34.60907690853029
2024-12-09 01:00:00+00:00,64.5,44.48426997565433
2024-12-09 02:00:00+00:00,73.0,68.65315540980758
2024-12-09 03:00:00+00:00,55.916666666666664,73.09188379399106
2024-12-09 04:00:00+00:00,37.166666666666664,60.41431747020569
2024-12-09 05:00:00+00:00,41.0,40.500394579272054
2024-12-09 06:00:00+00:00,45.75,43.061372913850924
2024-12-09 07:00:00+00:00,55.916666666666664,45.82889466604365
2024-12-09 08:00:00+00:00,49.416666666666664,65.19721954451857
2024-12-09 09:00:00+00:00,54.166666666666664,57.9818001925865
2024-12-09 10:00:00+00:00,58.916666666666664,63.82486840259117
2024-12-09 11:00:00+00:00,64.41666666666667,67.1299149675324
2024-12-09 12:00:00+00:00,70.33333333333333,70.00046428920143
2024-12-09 13:00:00+00:00,78.25,70.19926263114476
2024-12-09 14:00:00+00:00,97.08333333333333,76.80688253630224
2024-12-09 15:00:00+00:00,97.33333333333333,92.33542224347309
2024-12-09 16:00:00+00:00,91.66666666666667,95.31676540037105
2024-12-09 17:00:00+00:00,97.41666666666667,89.2840397651496
2024-12-09 18:00:00+00:00,124.58333333333333,94.56509567964686
2024-12-09 19:00:00+00:00,106.08333333333333,117.24680435957785
2024-12-09 20:00:00+00:00,109.5,104.24377847577135
2024-12-09 21:00:00+00:00,109.75,114.25067288034417
2024-12-09 22:00:00+00:00,101.66666666666667,116.42569119502541
2024-12-09 23:00:00+00:00,94.25,107.10969568692646
2024-12-10 00:00:00+00:00,81.41666666666667,100.5291533939942
2024-12-10 01:00:00+00:00,95.83333333333333,85.19388177151342
2024-12-10 02:00:00+00:00,98.16666666666667,98.41483053236101
2024-12-10 03:00:00+00:00,124.58333333333333,101.65170178027674
2024-12-10 04:00:00+00:00,152.25,127.55874692226138
2024-12-10 05:00:00+00:00,198.0,150.69371236716438
2024-12-10 06:00:00+00:00,239.33333333333334,173.08827493208292
2024-12-10 07:00:00+00:00,239.33333333333334,222.66362517200153
2024-12-10 08:00:00+00:00,222.91666666666666,225.7820477238131
2024-12-10 09:00:00+00:00,224.33333333333334,210.16086828465745
2024-12-10 10:00:00+00:00,233.0,211.810676799522
2024-12-10 11:00:00+00:00,214.58333333333334,216.21570444701393
2024-12-10 12:00:00+00:00,228.25,208.1581618489539
2024-12-10 13:00:00+00:00,229.16666666666666,215.74885777382613
2024-12-10 14:00:00+00:00,222.66666666666666,206.85559855373683
2024-12-10 15:00:00+00:00,233.41666666666666,202.60053175002474
2024-12-10 16:00:00+00:00,237.66666666666666,201.33848353209328
2024-12-10 17:00:00+00:00,238.0,196.3300881338923
2024-12-10 18:00:00+00:00,228.33333333333334,191.78795944994138
2024-12-10 19:00:00+00:00,228.33333333333334,197.09591820180643
2024-12-10 20:00:00+00:00,219.33333333333334,196.2300979471851
2024-12-10 21:00:00+00:00,206.16666666666666,191.86328660500166
2024-12-10 22:00:00+00:00,202.33333333333334,187.75045791563323
2024-12-10 23:00:00+00:00,198.25,195.75851137693607
2024-12-11 00:00:00+00:00,195.0,203.55963875218652
2024-12-11 01:00:00+00:00,194.16666666666666,200.8570920278318
2024-12-11 02:00:00+00:00,189.0,197.51216608157802
2024-12-11 03:00:00+00:00,196.08333333333334,194.5573246441351
2024-12-11 04:00:00+00:00,208.08333333333334,198.12611658004937
2024-12-11 05:00:00+00:00,215.75,199.5518173914811
2024-12-11 06:00:00+00:00,216.66666666666666,200.41777376490543
2024-12-11 07:00:00+00:00,218.83333333333334,213.54622742055398
2024-12-11 08:00:00+00:00,219.08333333333334,216.36626602334567
2024-12-11 09:00:00+00:00,205.33333333333334,216.36626602334567
2024-12-11 10:00:00+00:00,207.75,203.28145108350787
2024-12-11 11:00:00+00:00,203.5,203.18577217605727
2024-12-11 12:00:00+00:00,197.33333333333334,199.97647305840962
2024-12-11 13:00:00+00:00,198.75,197.6305741617374
2024-12-11 14:00:00+00:00,210.0,194.2697954169113
2024-12-11 15:00:00+00:00,205.83333333333334,205.717358412667
2024-12-11 16:00:00+00:00,174.08333333333334,196.7447196898666
2024-12-11 17:00:00+00:00,189.08333333333334,170.12178109843634
2024-12-11 18:00:00+00:00,195.66666666666666,191.5199112620042
2024-12-11 19:00:00+00:00,198.0,192.35504921689662
2024-12-11 20:00:00+00:00,208.83333333333334,191.20679173568917
2024-12-11 21:00:00+00:00,181.0,190.36552697939558
2024-12-11 22:00:00+00:00,169.0,160.82727254482145
2024-12-11 23:00:00+00:00,195.66666666666666,164.28912141310087
2024-12-12 00:00:00+00:00,207.66666666666666,190.53093234188904
2024-12-12 01:00:00+00:00,200.58333333333334,196.6171920854254
2024-12-12 02:00:00+00:00,200.83333333333334,196.1619651868523
2024-12-12 03:00:00+00:00,204.58333333333334,195.2177748213055
2024-12-12 04:00:00+00:00,209.83333333333334,196.4706513538608
2024-12-12 05:00:00+00:00,218.83333333333334,200.98347025320888
2024-12-12 06:00:00+00:00,212.83333333333334,199.9273003075542
2024-12-12 07:00:00+00:00,200.33333333333334,199.90411216165694
2024-12-12 08:00:00+00:00,192.5,195.03459286567337
2024-12-12 09:00:00+00:00,190.75,187.31094293059323
2024-12-12 10:00:00+00:00,188.66666666666666,185.07162327600508
2024-12-12 11:00:00+00:00,186.58333333333334,182.929553666719
2024-12-12 12:00:00+00:00,204.0,182.49496542281213
2024-12-12 13:00:00+00:00,206.83333333333334,185.8744434100559
2024-12-12 14:00:00+00:00,206.08333333333334,180.41634978209404
2024-12-12 15:00:00+00:00,203.41666666666666,182.02471744993883
2024-12-12 16:00:00+00:00,207.33333333333334,175.94276556187222
2024-12-12 17:00:00+00:00,219.25,190.4919225439248
2024-12-12 18:00:00+00:00,226.75,199.22452855402935
2024-12-12 19:00:00+00:00,209.58333333333334,203.52654919560038
2024-12-12 20:00:00+00:00,177.41666666666666,185.01650573721875
2024-12-12 21:00:00+00:00,212.16666666666666,160.7022843675155
2024-12-12 22:00:00+00:00,209.0,199.37798068536915
2024-12-12 23:00:00+00:00,204.58333333333334,194.95789830880685
2024-12-13 00:00:00+00:00,211.83333333333334,198.97219814889345
2024-12-13 01:00:00+00:00,209.0,207.29391856127577
2024-12-13 02:00:00+00:00,199.58333333333334,198.02570196551815
2024-12-13 03:00:00+00:00,193.25,198.07972171012767
2024-12-13 04:00:00+00:00,189.5,189.08553993523682
2024-12-13 05:00:00+00:00,176.83333333333334,175.908908856419
2024-12-13 06:00:00+00:00,166.5,154.29645220922632
2024-12-13 07:00:00+00:00,124.66666666666667,147.62834963180438
2024-12-13 08:00:00+00:00,122.5,127.8874702347002
2024-12-13 09:00:00+00:00,113.08333333333333,131.74940196541107
2024-12-13 10:00:00+00:00,105.08333333333333,121.27851851718681
2024-12-13 11:00:00+00:00,109.58333333333333,111.67875917004702
2024-12-13 12:00:00+00:00,102.08333333333333,110.62284246613737
2024-12-13 13:00:00+00:00,106.16666666666667,95.8719029528747
2024-12-13 14:00:00+00:00,134.75,96.71302233623075
2024-12-13 15:00:00+00:00,136.41666666666666,124.66794272925564
2024-12-13 16:00:00+00:00,107.25,136.30478296970662
2024-12-13 17:00:00+00:00,116.25,107.93474565794065
2024-12-13 18:00:00+00:00,138.58333333333334,115.96273506889253
2024-12-13 19:00:00+00:00,135.66666666666666,133.19364290367548
2024-12-13 20:00:00+00:00,126.41666666666667,125.40988208496569
2024-12-13 21:00:00+00:00,115.75,121.07545023281034
2024-12-13 22:00:00+00:00,102.83333333333333,115.39676038936311
2024-12-13 23:00:00+00:00,105.83333333333333,107.83205743577663
2024-12-14 00:00:00+00:00,95.5,107.98681126760849
2024-12-14 01:00:00+00:00,91.25,105.52799963515366
2024-12-14 02:00:00+00:00,87.16666666666667,105.07647828585087
2024-12-14 03:00:00+00:00,78.83333333333333,103.01105165248035
2024-12-14 04:00:00+00:00,60.666666666666664,94.88443014377711
2024-12-14 05:00:00+00:00,61.416666666666664,74.047739468526
2024-12-14 06:00:00+00:00,54.75,74.9477739884245
2024-12-14 07:00:00+00:00,57.833333333333336,67.58976395497127
2024-12-14 08:00:00+00:00,58.5,75.09427702422636
2024-12-14 09:00:00+00:00,53.916666666666664,76.24232891737206
2024-12-14 10:00:00+00:00,44.083333333333336,69.54046794139248
2024-12-14 11:00:00+00:00,29.75,53.282353448331726
2024-12-14 12:00:00+00:00,29.0,44.53012247112075
2024-12-14 13:00:00+00:00,25.833333333333332,37.7589101925697
2024-12-14 14:00:00+00:00,27.5,34.364532905273926
2024-12-14 15:00:00+00:00,28.083333333333332,40.64619984416307
2024-12-14 16:00:00+00:00,28.333333333333332,36.517157526718805
2024-12-14 17:00:00+00:00,27.0,35.07713499863442
2024-12-14 18:00:00+00:00,27.833333333333332,30.399800811838485
2024-12-14 19:00:00+00:00,29.083333333333332,31.296851798372902
2024-12-14 20:00:00+00:00,31.416666666666668,34.77525588340478
2024-12-14 21:00:00+00:00,23.416666666666668,34.849392983286904
2024-12-14 22:00:00+00:00,29.833333333333332,30.842545607220917
2024-12-14 23:00:00+00:00,32.5,35.12981525918853
2024-12-15 00:00:00+00:00,37.083333333333336,40.913643749491314
2024-12-15 01:00:00+00:00,32.666666666666664,41.914132918547125
2024-12-15 02:00:00+00:00,43.166666666666664,42.0836728971077
2024-12-15 03:00:00+00:00,39.75,42.72590636955483
2024-12-15 04:00:00+00:00,34.5,40.20371173648175
2024-12-15 05:00:00+00:00,42.666666666666664,36.97747959297192
2024-12-15 06:00:00+00:00,43.416666666666664,40.09286823906256
2024-12-15 07:00:00+00:00,40.5,40.22672013043033
2024-12-15 08:00:00+00:00,29.333333333333332,44.891921484822696
2024-12-15 09:00:00+00:00,33.083333333333336,35.11167366034635
2024-12-15 10:00:00+00:00,26.916666666666668,40.10787765913355
2024-12-15 11:00:00+00:00,29.583333333333332,31.71069390718117
2024-12-15 12:00:00+00:00,29.666666666666668,32.116619180886225
2024-12-15 13:00:00+00:00,42.916666666666664,31.18567126632185
2024-12-15 14:00:00+00:00,36.166666666666664,40.851001324022725
2024-12-15 15:00:00+00:00,32.0,41.41866636105
2024-12-15 16:00:00+00:00,17.166666666666668,34.25304630066159
2024-12-15 17:00:00+00:00,9.833333333333334,23.692784447217356
2024-12-15 18:00:00+00:00,17.583333333333332,23.88416639856632
2024-12-15 19:00:00+00:00,20.916666666666668,23.88416639856632
2024-12-15 20:00:00+00:00,32.583333333333336,25.670456267277995
2024-12-15 21:00:00+00:00,37.583333333333336,38.85924478231119
2024-12-15 22:00:00+00:00,55.333333333333336,39.732045080324895
2024-12-15 23:00:00+00:00,78.75,62.276754924508
2024-12-16 00:00:00+00:00,83.75,83.84824864736956
2024-12-16 01:00:00+00:00,99.16666666666667,94.11601135088532
2024-12-16 02:00:00+00:00,79.5,95.57709549641666
2024-12-16 03:00:00+00:00,89.08333333333333,87.80149298822974
2024-12-16 04:00:00+00:00,60.833333333333336,91.58336661446472
2024-12-16 05:00:00+00:00,21.75,67.32001361587679
2024-12-16 06:00:00+00:00,28.0,27.08259224996063
2024-12-16 07:00:00+00:00,40.833333333333336,31.147844648115306
2024-12-16 08:00:00+00:00,33.916666666666664,46.06740541505579
2024-12-16 09:00:00+00:00,34.5,43.38854094688529
2024-12-16 10:00:00+00:00,26.916666666666668,43.476162931833876
2024-12-16 11:00:00+00:00,29.333333333333332,34.442250653780604
2024-12-16 12:00:00+00:00,30.0,35.62722060083953
2024-12-16 13:00:00+00:00,28.5,34.32073237459906
2024-12-16 14:00:00+00:00,30.083333333333332,32.835963651184784
2024-12-16 15:00:00+00:00,29.916666666666668,39.6969333142474
2024-12-16 16:00:00+00:00,25.583333333333332,37.09465621326588
2024-12-16 17:00:00+00:00,23.25,32.65867041415101
2024-12-16 18:00:00+00:00,21.916666666666668,29.77701955366415
2024-12-16 19:00:00+00:00,28.833333333333332,29.04589507632202
2024-12-16 20:00:00+00:00,24.916666666666668,33.01522297335777
2024-12-16 21:00:00+00:00,22.5,31.074453862756744
2024-12-16 22:00:00+00:00,22.166666666666668,28.77597830023854
2024-12-16 23:00:00+00:00,24.416666666666668,26.0401594737645
2024-12-17 00:00:00+00:00,22.416666666666668,26.923462678355477
2024-12-17 01:00:00+00:00,25.666666666666668,25.913289106267715
2024-12-17 02:00:00+00:00,24.416666666666668,28.683427173833053
2024-12-17 03:00:00+00:00,33.0,27.86869652434764
2024-12-17 04:00:00+00:00,28.666666666666668,36.838129254506555
2024-12-17 05:00:00+00:00,34.416666666666664,27.951471568958535
2024-12-17 06:00:00+00:00,40.166666666666664,36.26960748829588
2024-12-17 07:00:00+00:00,46.083333333333336,38.35917665651218
2024-12-17 08:00:00+00:00,42.916666666666664,47.89411672264254
2024-12-17 09:00:00+00:00,44.583333333333336,43.64055927173791
2024-12-17 10:00:00+00:00,42.833333333333336,43.493846740621095
2024-12-17 11:00:00+00:00,40.583333333333336,44.34195047230141
2024-12-17 12:00:00+00:00,47.166666666666664,43.25478456822806
2024-12-17 13:00:00+00:00,51.833333333333336,52.9470428853625
2024-12-17 14:00:00+00:00,59.0,57.039695540412346
2024-12-17 15:00:00+00:00,68.66666666666667,73.25457213244502
2024-12-17 16:00:00+00:00,84.91666666666667,81.32745440769015
2024-12-17 17:00:00+00:00,75.25,87.21125958363073
2024-12-17 18:00:00+00:00,51.833333333333336,83.65647954958301
2024-12-17 19:00:00+00:00,52.5,55.39120354420624
2024-12-17 20:00:00+00:00,45.5,61.443405806354555
2024-12-17 21:00:00+00:00,33.666666666666664,48.65471801154606
2024-12-17 22:00:00+00:00,30.333333333333332,43.69276285127407
2024-12-17 23:00:00+00:00,30.5,37.42720823600357
2024-12-18 00:00:00+00:00,44.416666666666664,36.275056879792785
2024-12-18 01:00:00+00:00,45.166666666666664,47.32589184419326
2024-12-18 02:00:00+00:00,58.5,47.84649804779092
2024-12-18 03:00:00+00:00,46.666666666666664,72.55633275338774
2024-12-18 04:00:00+00:00,50.333333333333336,51.563274644681414
2024-12-18 05:00:00+00:00,39.5,55.518020971767754
2024-12-18 06:00:00+00:00,34.5,41.54979793853416
2024-12-18 07:00:00+00:00,31.916666666666668,41.38831377736443
2024-12-18 08:00:00+00:00,28.666666666666668,41.13356724491244
2024-12-18 09:00:00+00:00,29.166666666666668,37.4820144931127
2024-12-18 10:00:00+00:00,29.75,39.986298072736716
2024-12-18 11:00:00+00:00,29.083333333333332,39.82529500253971
2024-12-18 12:00:00+00:00,30.0,36.49283837912119
2024-12-18 13:00:00+00:00,35.666666666666664,36.49283837912119
2024-12-18 14:00:00+00:00,37.0,44.4749588559241
2024-12-18 15:00:00+00:00,34.75,46.0481301692236
2024-12-18 16:00:00+00:00,31.666666666666668,42.600110235483335
2024-12-18 17:00:00+00:00,29.416666666666668,31.06819173018989
2024-12-18 18:00:00+00:00,19.75,31.088925426423057
2024-12-18 19:00:00+00:00,16.916666666666668,23.46062845991373
2024-12-18 20:00:00+00:00,16.666666666666668,23.363861703413065
2024-12-18 21:00:00+00:00,17.0,23.931791467837396
2024-12-18 22:00:00+00:00,21.916666666666668,24.322021412347492
2024-12-18 23:00:00+00:00,41.916666666666664,25.786697181816468
2024-12-19 00:00:00+00:00,95.33333333333333,40.89921739560407
2024-12-19 01:00:00+00:00,136.66666666666666,93.88478962428424
2024-12-19 02:00:00+00:00,161.58333333333334,133.63952945632343
2024-12-19 03:00:00+00:00,203.58333333333334,163.01078108381543
2024-12-19 04:00:00+00:00,186.58333333333334,184.41754443485564
2024-12-19 05:00:00+00:00,162.83333333333334,170.68801706681168
2024-12-19 06:00:00+00:00,114.58333333333333,131.84833339301957
2024-12-19 07:00:00+00:00,68.16666666666667,107.62127483900994
2024-12-19 08:00:00+00:00,57.666666666666664,86.48955132292922
2024-12-19 09:00:00+00:00,51.583333333333336,74.88262048895534
2024-12-19 10:00:00+00:00,51.75,64.52570543400067
2024-12-19 11:00:00+00:00,51.666666666666664,67.60120948818746
2024-12-19 12:00:00+00:00,59.166666666666664,61.34474641734278
2024-12-19 13:00:00+00:00,60.25,72.6132882385682
2024-12-19 14:00:00+00:00,55.083333333333336,76.92844976523564
2024-12-19 15:00:00+00:00,56.833333333333336,68.97054498092926
2024-12-19 16:00:00+00:00,53.916666666666664,68.24534196853476
2024-12-19 17:00:00+00:00,38.083333333333336,65.10098629215125
2024-12-19 18:00:00+00:00,26.75,48.40040653015901
2024-12-19 19:00:00+00:00,24.916666666666668,38.389772942995656
2024-12-19 20:00:00+00:00,24.583333333333332,36.420901009415594
2024-12-19 21:00:00+00:00,25.916666666666668,36.77119941035472
2024-12-19 22:00:00+00:00,24.333333333333332,38.83781348611491
2024-12-19 23:00:00+00:00,43.0,36.01229408638663
2024-12-20 00:00:00+00:00,29.0,45.626665143606786
2024-12-20 01:00:00+00:00,30.5,34.40663539952014
2024-12-20 02:00:00+00:00,28.666666666666668,31.486511332240926
2024-12-20 03:00:00+00:00,33.166666666666664,30.82319482654357
2024-12-20 04:00:00+00:00,35.333333333333336,41.705359314174494
2024-12-20 05:00:00+00:00,28.75,41.55517769191672
2024-12-20 06:00:00+00:00,33.083333333333336,31.110244007119892
2024-12-20 07:00:00+00:00,27.25,39.70315848917479
2024-12-20 08:00:00+00:00,25.583333333333332,28.96558466995531
2024-12-20 09:00:00+00:00,26.5,28.732368697591426
2024-12-20 10:00:00+00:00,29.916666666666668,28.576276499410685
2024-12-20 11:00:00+00:00,27.333333333333332,30.757420741129707
2024-12-20 12:00:00+00:00,24.0,26.689136703765165
2024-12-20 13:00:00+00:00,29.583333333333332,24.21453926750638
2024-12-20 14:00:00+00:00,46.25,28.889234902773712
2024-12-20 15:00:00+00:00,56.416666666666664,45.15198071100744
2024-12-20 16:00:00+00:00,68.75,62.039627125893176
2024-12-20 17:00:00+00:00,58.916666666666664,70.73332206668003
2024-12-20 18:00:00+00:00,40.25,63.27124411433243
2024-12-20 19:00:00+00:00,33.166666666666664,40.631815375325324
2024-12-20 20:00:00+00:00,27.166666666666668,36.52351193147562
2024-12-20 21:00:00+00:00,21.0,27.526241709071616
2024-12-20 22:00:00+00:00,22.916666666666668,24.556037510742648
2024-12-20 23:00:00+00:00,32.583333333333336,24.40458039334095
2024-12-21 00:00:00+00:00,26.0,35.784183498192036
2024-12-21 01:00:00+00:00,30.916666666666668,27.260916674821402
2024-12-21 02:00:00+00:00,55.583333333333336,31.569427388635088
2024-12-21 03:00:00+00:00,64.75,62.750008467419704
2024-12-21 04:00:00+00:00,34.083333333333336,72.40188430673199
2024-12-21 05:00:00+00:00,31.75,35.64903015551689
2024-12-21 06:00:00+00:00,46.25,31.653131186802955
2024-12-21 07:00:00+00:00,69.83333333333333,45.60281759594884
2024-12-21 08:00:00+00:00,62.833333333333336,78.2347136903968
2024-12-21 09:00:00+00:00,55.25,79.97038745580602
2024-12-21 10:00:00+00:00,51.416666666666664,70.57476443406229
2024-12-21 11:00:00+00:00,41.166666666666664,64.6900705468112
2024-12-21 12:00:00+00:00,39.083333333333336,48.41913751422242
2024-12-21 13:00:00+00:00,42.583333333333336,45.35208252027157
2024-12-21 14:00:00+00:00,42.916666666666664,46.902910372908316
2024-12-21 15:00:00+00:00,56.416666666666664,50.08597973181747
2024-12-21 16:00:00+00:00,42.583333333333336,66.91845229352039
2024-12-21 17:00:00+00:00,48.0,44.80386654550158
2024-12-21 18:00:00+00:00,66.0,55.27898824591772
2024-12-21 19:00:00+00:00,79.66666666666667,70.40813902434247
2024-12-21 20:00:00+00:00,97.91666666666667,76.34876167681834
2024-12-21 21:00:00+00:00,95.41666666666667,76.78201062551385
2024-12-21 22:00:00+00:00,98.66666666666667,81.33246101518817
2024-12-21 23:00:00+00:00,108.16666666666667,90.61431961569832
2024-12-22 00:00:00+00:00,111.66666666666667,110.22361874108843
2024-12-22 01:00:00+00:00,115.83333333333333,114.40743016222372
2024-12-22 02:00:00+00:00,149.25,123.50498273592822
2024-12-22 03:00:00+00:00,159.75,144.43273447163574
2024-12-22 04:00:00+00:00,137.66666666666666,162.83587051903436
2024-12-22 05:00:00+00:00,143.25,130.23551430941322
2024-12-22 06:00:00+00:00,98.0,127.01781082622408
2024-12-22 07:00:00+00:00,113.5,100.20535885678837
2024-12-22 08:00:00+00:00,59.833333333333336,123.0647358318236
2024-12-22 09:00:00+00:00,62.5,86.5099254460626
2024-12-22 10:00:00+00:00,45.333333333333336,85.67573765607102
2024-12-22 11:00:00+00:00,26.583333333333332,64.05006716896496
2024-12-22 12:00:00+00:00,36.666666666666664,43.40064180672534
2024-12-22 13:00:00+00:00,38.083333333333336,48.37074722305359
2024-12-22 14:00:00+00:00,35.75,46.312423984472694
2024-12-22 15:00:00+00:00,35.25,50.998713117929626
2024-12-22 16:00:00+00:00,33.0,50.54480896107501
2024-12-22 17:00:00+00:00,38.166666666666664,48.1606920226326
2024-12-22 18:00:00+00:00,27.916666666666668,49.69549456789786
2024-12-22 19:00:00+00:00,22.333333333333332,33.077562649620795
2024-12-22 20:00:00+00:00,20.166666666666668,29.672622304064863
2024-12-22 21:00:00+00:00,20.0,29.20582425737386
2024-12-22 22:00:00+00:00,21.083333333333332,29.518294249726008
2024-12-22 23:00:00+00:00,23.25,23.93610186919681
2024-12-23 00:00:00+00:00,27.416666666666668,23.796391897676685
2024-12-23 01:00:00+00:00,35.833333333333336,26.54669247021244
2024-12-23 02:00:00+00:00,42.5,38.908948333210915
2024-12-23 03:00:00+00:00,38.5,43.90633314400454
2024-12-23 04:00:00+00:00,27.416666666666668,41.282879836145426
2024-12-23 05:00:00+00:00,25.583333333333332,31.809838186139977
2024-12-23 06:00:00+00:00,29.333333333333332,27.103676484099275
2024-12-23 07:00:00+00:00,38.416666666666664,30.698454063081726
2024-12-23 08:00:00+00:00,25.25,38.50721435174737
2024-12-23 09:00:00+00:00,32.833333333333336,28.00229008956233
2024-12-23 10:00:00+00:00,26.583333333333332,37.81345355709707
2024-12-23 11:00:00+00:00,29.333333333333332,28.901367951406336
2024-12-23 12:00:00+00:00,26.833333333333332,29.93509806390797
2024-12-23 13:00:00+00:00,24.333333333333332,27.34835694269841
2024-12-23 14:00:00+00:00,23.75,27.10301832379095
2024-12-23 15:00:00+00:00,35.166666666666664,28.612161272184437
2024-12-23 16:00:00+00:00,41.333333333333336,40.075486754058176
2024-12-23 17:00:00+00:00,47.583333333333336,45.16988387662071
2024-12-23 18:00:00+00:00,63.0,54.814002016906166
2024-12-23 19:00:00+00:00,44.75,69.50018761777109
2024-12-23 20:00:00+00:00,55.583333333333336,44.319075098068055
2024-12-23 21:00:00+00:00,63.583333333333336,62.24694835559891
2024-12-23 22:00:00+00:00,70.0,68.04626278075929
2024-12-23 23:00:00+00:00,82.58333333333333,72.05898466064588
2024-12-24 00:00:00+00:00,74.08333333333333,84.54076613742379
2024-12-24 01:00:00+00:00,76.5,78.32347126638489
2024-12-24 02:00:00+00:00,76.83333333333333,78.43585023602876
2024-12-24 03:00:00+00:00,87.66666666666667,77.91804518630101
2024-12-24 04:00:00+00:00,84.75,85.34424825656083
2024-12-24 05:00:00+00:00,82.08333333333333,82.20637074391098
2024-12-24 06:00:00+00:00,63.75,80.54345715007285
2024-12-24 07:00:00+00:00,65.08333333333333,67.54370379057217
2024-12-24 08:00:00+00:00,53.0,71.53415057559246
2024-12-24 09:00:00+00:00,50.333333333333336,59.993862926416405
2024-12-24 10:00:00+00:00,43.5,57.599791816172505
2024-12-24 11:00:00+00:00,44.25,46.27434792128355
2024-12-24 12:00:00+00:00,49.5,44.96593072186916
2024-12-24 13:00:00+00:00,44.083333333333336,56.64686727791621
2024-12-24 14:00:00+00:00,42.416666666666664,45.64342952342126
2024-12-24 15:00:00+00:00,39.5,48.74790981483469
2024-12-24 16:00:00+00:00,39.75,43.68836491713142
2024-12-24 17:00:00+00:00,32.583333333333336,40.77475138846263
2024-12-24 18:00:00+00:00,33.916666666666664,39.55180719948939
2024-12-24 19:00:00+00:00,34.916666666666664,39.40531976915465
2024-12-24 20:00:00+00:00,37.916666666666664,39.75166952952122
2024-12-24 21:00:00+00:00,34.0,40.77485561941564
2024-12-24 22:00:00+00:00,31.416666666666668,40.46066913912636
2024-12-24 23:00:00+00:00,33.75,33.88812128845244
2024-12-25 00:00:00+00:00,32.666666666666664,39.61926037122785
2024-12-25 01:00:00+00:00,31.083333333333332,39.57676803890613
2024-12-25 02:00:00+00:00,35.75,34.11203712935231
2024-12-25 03:00:00+00:00,37.5,42.15683609697846
2024-12-25 04:00:00+00:00,41.083333333333336,42.15683609697846
2024-12-25 05:00:00+00:00,37.166666666666664,42.17781219007026
2024-12-25 06:00:00+00:00,43.75,39.28087244070978
2024-12-25 07:00:00+00:00,50.75,42.3202705275047
2024-12-25 08:00:00+00:00,48.75,56.45036761489529
2024-12-25 09:00:00+00:00,43.583333333333336,55.22154252077729
2024-12-25 10:00:00+00:00,48.916666666666664,43.44870551730958
2024-12-25 11:00:00+00:00,51.083333333333336,57.50084962734514
2024-12-25 12:00:00+00:00,88.25,57.72430970515322
2024-12-25 13:00:00+00:00,91.08333333333333,86.15961189044165
2024-12-25 14:00:00+00:00,92.25,84.4902836033713
2024-12-25 15:00:00+00:00,82.25,88.12495198128381
2024-12-25 16:00:00+00:00,71.0,80.7472226363896
2024-12-25 17:00:00+00:00,49.0,69.56833296309172
2024-12-25 18:00:00+00:00,48.333333333333336,57.599188005155
2024-12-25 19:00:00+00:00,46.0,60.1953225488132
2024-12-25 20:00:00+00:00,47.916666666666664,52.47605305247851
2024-12-25 21:00:00+00:00,49.75,60.1953225488132
2024-12-25 22:00:00+00:00,48.166666666666664,59.435130810171714
2024-12-25 23:00:00+00:00,44.083333333333336,53.27410202807187
2024-12-26 00:00:00+00:00,44.5,44.64982540246511
2024-12-26 01:00:00+00:00,45.583333333333336,44.60733307014339
2024-12-26 02:00:00+00:00,44.333333333333336,47.914899200547396
2024-12-26 03:00:00+00:00,43.666666666666664,46.80827648835088
2024-12-26 04:00:00+00:00,48.583333333333336,46.06686492761265
2024-12-26 05:00:00+00:00,51.416666666666664,52.57200802570992
2024-12-26 06:00:00+00:00,55.75,52.56849968827168
2024-12-26 07:00:00+00:00,58.416666666666664,59.42601048088609
2024-12-26 08:00:00+00:00,60.416666666666664,67.66129080972523
2024-12-26 09:00:00+00:00,54.083333333333336,72.77674872810277
2024-12-26 10:00:00+00:00,60.916666666666664,64.63859335613522
2024-12-26 11:00:00+00:00,58.833333333333336,72.05344488461246
2024-12-26 12:00:00+00:00,61.666666666666664,66.98335879146607
2024-12-26 13:00:00+00:00,74.41666666666667,69.88730504128654
2024-12-26 14:00:00+00:00,118.83333333333333,78.59796672657126
2024-12-26 15:00:00+00:00,122.16666666666667,110.9477763884218
2024-12-26 16:00:00+00:00,86.0,120.76005125104318
2024-12-26 17:00:00+00:00,75.41666666666667,82.23030539838614
2024-12-26 18:00:00+00:00,90.91666666666667,70.27095986440719
2024-12-26 19:00:00+00:00,82.58333333333333,78.71288952283153
2024-12-26 20:00:00+00:00,91.5,76.56002999945856
2024-12-26 21:00:00+00:00,83.41666666666667,84.26719314385515
2024-12-26 22:00:00+00:00,69.91666666666667,83.05773091505793
2024-12-26 23:00:00+00:00,78.83333333333333,72.82653252124528
2024-12-27 00:00:00+00:00,69.16666666666667,79.4658870724669
2024-12-27 01:00:00+00:00,82.91666666666667,72.02004860365456
2024-12-27 02:00:00+00:00,73.83333333333333,87.51302568260378
2024-12-27 03:00:00+00:00,84.25,76.02818777541039
2024-12-27 04:00:00+00:00,86.75,88.97039314820215
2024-12-27 05:00:00+00:00,81.5,86.3116842453383
2024-12-27 06:00:00+00:00,100.91666666666667,79.61277781863704
2024-12-27 07:00:00+00:00,104.75,91.90676698204388
2024-12-27 08:00:00+00:00,70.91666666666667,101.96429751494492
2024-12-27 09:00:00+00:00,64.08333333333333,71.28294909385407
2024-12-27 10:00:00+00:00,61.833333333333336,70.5306386710614
2024-12-27 11:00:00+00:00,61.0,69.26717250406683
2024-12-27 12:00:00+00:00,70.41666666666667,70.86848805804358
2024-12-27 13:00:00+00:00,115.58333333333333,70.82001804068295
2024-12-27 14:00:00+00:00,123.66666666666667,99.86563645367812
2024-12-27 15:00:00+00:00,129.58333333333334,112.84431930221258
2024-12-27 16:00:00+00:00,132.91666666666666,125.20275592212434
2024-12-27 17:00:00+00:00,97.66666666666667,129.43668989209615
2024-12-27 18:00:00+00:00,88.16666666666667,92.16246361406951
2024-12-27 19:00:00+00:00,92.91666666666667,85.9676575553869
2024-12-27 20:00:00+00:00,83.16666666666667,93.51956620271311
2024-12-27 21:00:00+00:00,87.66666666666667,81.9117079889021
2024-12-27 22:00:00+00:00,87.08333333333333,88.66977476303275
2024-12-27 23:00:00+00:00,84.08333333333333,91.8460394693276
2024-12-28 00:00:00+00:00,78.91666666666667,87.68816551679123
2024-12-28 01:00:00+00:00,84.58333333333333,83.60276292103302
2024-12-28 02:00:00+00:00,70.75,93.43981657160666
2024-12-28 03:00:00+00:00,71.66666666666667,74.55392564053969
2024-12-28 04:00:00+00:00,69.33333333333333,75.73880330936603
2024-12-28 05:00:00+00:00,69.91666666666667,70.38104791374096
2024-12-28 06:00:00+00:00,86.0,70.69329602992323
2024-12-28 07:00:00+00:00,94.33333333333333,91.21462504277153
2024-12-28 08:00:00+00:00,92.33333333333333,102.16726932311786
2024-12-28 09:00:00+00:00,82.83333333333333,96.17156545781641
2024-12-28 10:00:00+00:00,70.5,94.43460868623056
2024-12-28 11:00:00+00:00,78.58333333333333,76.07683247733054
2024-12-28 12:00:00+00:00,58.083333333333336,85.29599475783145
2024-12-28 13:00:00+00:00,95.58333333333333,65.40697949356185
2024-12-28 14:00:00+00:00,86.08333333333333,93.78747310529617
2024-12-28 15:00:00+00:00,81.5,86.70302012474515
2024-12-28 16:00:00+00:00,71.08333333333333,81.51367288930227
2024-12-28 17:00:00+00:00,49.833333333333336,73.39505086737404
2024-12-28 18:00:00+00:00,48.666666666666664,57.19904098746193
2024-12-28 19:00:00+00:00,61.583333333333336,54.445477971450615
2024-12-28 20:00:00+00:00,55.916666666666664,69.91007787354233
2024-12-28 21:00:00+00:00,52.583333333333336,60.744329919617975
2024-12-28 22:00:00+00:00,43.083333333333336,58.482998237394334
2024-12-28 23:00:00+00:00,41.166666666666664,47.62372321238421
2024-12-29 00:00:00+00:00,40.5,47.15980039503701
2024-12-29 01:00:00+00:00,40.083333333333336,47.85271118317492
2024-12-29 02:00:00+00:00,35.583333333333336,44.05898895192283
2024-12-29 03:00:00+00:00,33.166666666666664,42.52272456758532
2024-12-29 04:00:00+00:00,32.0,41.318062388218955
2024-12-29 05:00:00+00:00,29.75,35.73076484870627
2024-12-29 06:00:00+00:00,27.083333333333332,33.8810114989568
2024-12-29 07:00:00+00:00,27.0,32.190310856553346
2024-12-29 08:00:00+00:00,26.916666666666668,37.13240782485319
2024-12-29 09:00:00+00:00,20.5,38.07589166883658
2024-12-29 10:00:00+00:00,18.75,30.948324561342304
2024-12-29 11:00:00+00:00,21.333333333333332,30.787321491145295
2024-12-29 12:00:00+00:00,23.0,30.20657872452698
2024-12-29 13:00:00+00:00,19.833333333333332,28.972770579119086
2024-12-29 14:00:00+00:00,18.833333333333332,23.081638403983543
2024-12-29 15:00:00+00:00,19.916666666666668,24.687663920242095
2024-12-29 16:00:00+00:00,19.25,24.070454779036847
2024-12-29 17:00:00+00:00,14.75,23.620525385929476
2024-12-29 18:00:00+00:00,9.0,22.621833221032514
2024-12-29 19:00:00+00:00,9.0,23.376741643313945
2024-12-29 20:00:00+00:00,9.0,23.71369778923747
2024-12-29 21:00:00+00:00,10.0,23.71369778923747
2024-12-29 22:00:00+00:00,14.083333333333334,23.449668925191084
2024-12-29 23:00:00+00:00,16.75,22.985577101078803
2024-12-30 00:00:00+00:00,9.5,21.535676511463578
2024-12-30 01:00:00+00:00,9.916666666666666,21.535676511463578
2024-12-30 02:00:00+00:00,10.0,22.32163721505468
2024-12-30 03:00:00+00:00,10.0,22.32163721505468
2024-12-30 04:00:00+00:00,11.666666666666666,22.32163721505468
2024-12-30 05:00:00+00:00,11.333333333333334,21.877889332143834
2024-12-30 06:00:00+00:00,17.916666666666668,21.135458411677305
2024-12-30 07:00:00+00:00,27.916666666666668,22.4162842555044
2024-12-30 08:00:00+00:00,27.25,31.067125426739448
2024-12-30 09:00:00+00:00,25.25,29.386459016447773
2024-12-30 10:00:00+00:00,24.583333333333332,28.482355616365144
2024-12-30 11:00:00+00:00,25.083333333333332,28.321352546168132
2024-12-30 12:00:00+00:00,25.583333333333332,27.012935346753736
2024-12-30 13:00:00+00:00,25.833333333333332,28.139741962151287
2024-12-30 14:00:00+00:00,19.333333333333332,28.9516805307463
2024-12-30 15:00:00+00:00,18.666666666666668,24.622884752424454
2024-12-30 16:00:00+00:00,20.916666666666668,23.603169187569197
2024-12-30 17:00:00+00:00,20.75,24.52227083154294
2024-12-30 18:00:00+00:00,21.333333333333332,23.87082416203037
2024-12-30 19:00:00+00:00,24.333333333333332,24.205573325981863
2024-12-30 20:00:00+00:00,27.916666666666668,26.913159716560667
2024-12-30 21:00:00+00:00,24.833333333333332,28.126575315640217
2024-12-30 22:00:00+00:00,31.0,26.942495305774724
2024-12-30 23:00:00+00:00,35.75,31.14438044833983
2024-12-31 00:00:00+00:00,41.25,35.993960293758064
2024-12-31 01:00:00+00:00,55.583333333333336,38.83676773969818
2024-12-31 02:00:00+00:00,109.25,57.05940472169054
2024-12-31 03:00:00+00:00,117.25,97.97406206400824
2024-12-31 04:00:00+00:00,114.91666666666667,108.47727202062588
2024-12-31 05:00:00+00:00,96.16666666666667,106.49206935443182
2024-12-31 06:00:00+00:00,88.08333333333333,71.37760038602461
2024-12-31 07:00:00+00:00,48.416666666666664,83.58874704612738
2024-12-31 08:00:00+00:00,39.0,58.11003361234946
2024-12-31 09:00:00+00:00,42.666666666666664,45.058849447631644
2024-12-31 10:00:00+00:00,38.333333333333336,47.01170469446894
2024-12-31 11:00:00+00:00,31.25,43.03982769038837
2024-12-31 12:00:00+00:00,26.583333333333332,34.982008127476625
2024-12-31 13:00:00+00:00,19.5,32.123365084205496
2024-12-31 14:00:00+00:00,23.75,28.88312255649529
2024-12-31 15:00:00+00:00,23.583333333333332,34.01614530680464
2024-12-31 16:00:00+00:00,25.416666666666668,32.20548117857951
2024-12-31 17:00:00+00:00,25.0,31.156056907236795
2024-12-31 18:00:00+00:00,24.333333333333332,30.519075963439718
2024-12-31 19:00:00+00:00,22.083333333333332,30.37258853310498
2024-12-31 20:00:00+00:00,18.166666666666668,27.823124729436746
2024-12-31 21:00:00+00:00,25.583333333333332,26.44787270662797
2024-12-31 22:00:00+00:00,28.5,30.999786889441193
2024-12-31 23:00:00+00:00,9.666666666666666,31.133306970203776
